City,average_balance
6281949,2795923.837298216
6301949,2650775.0664451825
6081949,2643912.7566638007
6481949,2087617.2136986302
6411949,1929838.5617977527
6412149,1896363.471625767
6581949,1526555.5551020408
